{"meta":{"app":"https://ctjs.rocks/","version":"3.3.0","image":"a0.e9b5277195.png","format":"RGBA8888","size":{"w":2048,"h":2048},"scale":"1"},"frames":{"anim@frame0":{"frame":{"x":1,"y":1,"w":200,"h":358},"rotated":false,"trimmed":false,"spriteSourceSize":{"x":0,"y":0,"w":200,"h":358},"sourceSize":{"w":200,"h":358},"anchor":{"x":0,"y":0},"shape":{"type":"rect","top":0,"bottom":358,"left":0,"right":2400}},"anim@frame1":{"frame":{"x":203,"y":1,"w":200,"h":358},"rotated":false,"trimmed":false,"spriteSourceSize":{"x":0,"y":0,"w":200,"h":358},"sourceSize":{"w":200,"h":358},"anchor":{"x":0,"y":0},"shape":{"type":"rect","top":0,"bottom":358,"left":0,"right":2400}},"anim@frame2":{"frame":{"x":1,"y":361,"w":200,"h":358},"rotated":false,"trimmed":false,"spriteSourceSize":{"x":0,"y":0,"w":200,"h":358},"sourceSize":{"w":200,"h":358},"anchor":{"x":0,"y":0},"shape":{"type":"rect","top":0,"bottom":358,"left":0,"right":2400}},"anim@frame3":{"frame":{"x":203,"y":361,"w":200,"h":358},"rotated":false,"trimmed":false,"spriteSourceSize":{"x":0,"y":0,"w":200,"h":358},"sourceSize":{"w":200,"h":358},"anchor":{"x":0,"y":0},"shape":{"type":"rect","top":0,"bottom":358,"left":0,"right":2400}},"anim@frame4":{"frame":{"x":405,"y":1,"w":200,"h":358},"rotated":false,"trimmed":false,"spriteSourceSize":{"x":0,"y":0,"w":200,"h":358},"sourceSize":{"w":200,"h":358},"anchor":{"x":0,"y":0},"shape":{"type":"rect","top":0,"bottom":358,"left":0,"right":2400}},"anim@frame5":{"frame":{"x":607,"y":1,"w":200,"h":358},"rotated":false,"trimmed":false,"spriteSourceSize":{"x":0,"y":0,"w":200,"h":358},"sourceSize":{"w":200,"h":358},"anchor":{"x":0,"y":0},"shape":{"type":"rect","top":0,"bottom":358,"left":0,"right":2400}},"anim@frame6":{"frame":{"x":809,"y":1,"w":200,"h":358},"rotated":false,"trimmed":false,"spriteSourceSize":{"x":0,"y":0,"w":200,"h":358},"sourceSize":{"w":200,"h":358},"anchor":{"x":0,"y":0},"shape":{"type":"rect","top":0,"bottom":358,"left":0,"right":2400}},"anim@frame7":{"frame":{"x":405,"y":361,"w":200,"h":358},"rotated":false,"trimmed":false,"spriteSourceSize":{"x":0,"y":0,"w":200,"h":358},"sourceSize":{"w":200,"h":358},"anchor":{"x":0,"y":0},"shape":{"type":"rect","top":0,"bottom":358,"left":0,"right":2400}},"anim@frame8":{"frame":{"x":607,"y":361,"w":200,"h":358},"rotated":false,"trimmed":false,"spriteSourceSize":{"x":0,"y":0,"w":200,"h":358},"sourceSize":{"w":200,"h":358},"anchor":{"x":0,"y":0},"shape":{"type":"rect","top":0,"bottom":358,"left":0,"right":2400}},"anim@frame9":{"frame":{"x":809,"y":361,"w":200,"h":358},"rotated":false,"trimmed":false,"spriteSourceSize":{"x":0,"y":0,"w":200,"h":358},"sourceSize":{"w":200,"h":358},"anchor":{"x":0,"y":0},"shape":{"type":"rect","top":0,"bottom":358,"left":0,"right":2400}},"anim@frame10":{"frame":{"x":1011,"y":1,"w":200,"h":358},"rotated":false,"trimmed":false,"spriteSourceSize":{"x":0,"y":0,"w":200,"h":358},"sourceSize":{"w":200,"h":358},"anchor":{"x":0,"y":0},"shape":{"type":"rect","top":0,"bottom":358,"left":0,"right":2400}},"anim@frame11":{"frame":{"x":1213,"y":1,"w":200,"h":358},"rotated":false,"trimmed":false,"spriteSourceSize":{"x":0,"y":0,"w":200,"h":358},"sourceSize":{"w":200,"h":358},"anchor":{"x":0,"y":0},"shape":{"type":"rect","top":0,"bottom":358,"left":0,"right":2400}},"btn_back@frame0":{"frame":{"x":1415,"y":1,"w":106,"h":78},"rotated":false,"trimmed":false,"spriteSourceSize":{"x":0,"y":0,"w":106,"h":78},"sourceSize":{"w":106,"h":78},"anchor":{"x":0,"y":0},"shape":{"type":"rect","top":0,"bottom":78,"left":0,"right":106}},"btn_comenzar@frame0":{"frame":{"x":1523,"y":1,"w":356,"h":78},"rotated":false,"trimmed":false,"spriteSourceSize":{"x":0,"y":0,"w":356,"h":78},"sourceSize":{"w":356,"h":78},"anchor":{"x":0,"y":0},"shape":{"type":"rect","top":0,"bottom":78,"left":0,"right":356}},"btn_siguiente@frame0":{"frame":{"x":1415,"y":81,"w":356,"h":78},"rotated":false,"trimmed":false,"spriteSourceSize":{"x":0,"y":0,"w":356,"h":78},"sourceSize":{"w":356,"h":78},"anchor":{"x":0,"y":0},"shape":{"type":"rect","top":0,"bottom":78,"left":0,"right":356}},"linea@frame0":{"frame":{"x":1415,"y":161,"w":546,"h":192},"rotated":false,"trimmed":false,"spriteSourceSize":{"x":0,"y":0,"w":546,"h":192},"sourceSize":{"w":546,"h":192},"anchor":{"x":0,"y":0.5},"shape":{"type":"rect","top":96,"bottom":96,"left":0,"right":546}},"nut@frame0":{"frame":{"x":1773,"y":81,"w":28,"h":32},"rotated":false,"trimmed":false,"spriteSourceSize":{"x":0,"y":0,"w":28,"h":32},"sourceSize":{"w":28,"h":32},"anchor":{"x":0.5,"y":0.5},"shape":{"type":"rect","top":16,"bottom":16,"left":14,"right":14}},"playpause@frame0":{"frame":{"x":1803,"y":81,"w":64,"h":64},"rotated":false,"trimmed":false,"spriteSourceSize":{"x":0,"y":0,"w":64,"h":64},"sourceSize":{"w":64,"h":64},"anchor":{"x":0.5,"y":0.5},"shape":{"type":"rect","top":32,"bottom":32,"left":32,"right":32}},"playpause@frame1":{"frame":{"x":1869,"y":81,"w":64,"h":64},"rotated":false,"trimmed":false,"spriteSourceSize":{"x":0,"y":0,"w":64,"h":64},"sourceSize":{"w":64,"h":64},"anchor":{"x":0.5,"y":0.5},"shape":{"type":"rect","top":32,"bottom":32,"left":32,"right":32}},"playpause@frame2":{"frame":{"x":1881,"y":1,"w":64,"h":64},"rotated":false,"trimmed":false,"spriteSourceSize":{"x":0,"y":0,"w":64,"h":64},"sourceSize":{"w":64,"h":64},"anchor":{"x":0.5,"y":0.5},"shape":{"type":"rect","top":32,"bottom":32,"left":32,"right":32}},"sillos@frame0":{"frame":{"x":1415,"y":355,"w":128,"h":128},"rotated":false,"trimmed":false,"spriteSourceSize":{"x":0,"y":0,"w":128,"h":128},"sourceSize":{"w":128,"h":128},"anchor":{"x":0.5,"y":0.5},"shape":{"type":"rect","top":64,"bottom":64,"left":64,"right":64}},"sillos@frame1":{"frame":{"x":1011,"y":361,"w":128,"h":128},"rotated":false,"trimmed":false,"spriteSourceSize":{"x":0,"y":0,"w":128,"h":128},"sourceSize":{"w":128,"h":128},"anchor":{"x":0.5,"y":0.5},"shape":{"type":"rect","top":64,"bottom":64,"left":64,"right":64}},"sillos@frame2":{"frame":{"x":1141,"y":361,"w":128,"h":128},"rotated":false,"trimmed":false,"spriteSourceSize":{"x":0,"y":0,"w":128,"h":128},"sourceSize":{"w":128,"h":128},"anchor":{"x":0.5,"y":0.5},"shape":{"type":"rect","top":64,"bottom":64,"left":64,"right":64}},"sillos@frame3":{"frame":{"x":1271,"y":361,"w":128,"h":128},"rotated":false,"trimmed":false,"spriteSourceSize":{"x":0,"y":0,"w":128,"h":128},"sourceSize":{"w":128,"h":128},"anchor":{"x":0.5,"y":0.5},"shape":{"type":"rect","top":64,"bottom":64,"left":64,"right":64}},"sillos@frame4":{"frame":{"x":1545,"y":355,"w":128,"h":128},"rotated":false,"trimmed":false,"spriteSourceSize":{"x":0,"y":0,"w":128,"h":128},"sourceSize":{"w":128,"h":128},"anchor":{"x":0.5,"y":0.5},"shape":{"type":"rect","top":64,"bottom":64,"left":64,"right":64}},"sillos@frame5":{"frame":{"x":1675,"y":355,"w":128,"h":128},"rotated":false,"trimmed":false,"spriteSourceSize":{"x":0,"y":0,"w":128,"h":128},"sourceSize":{"w":128,"h":128},"anchor":{"x":0.5,"y":0.5},"shape":{"type":"rect","top":64,"bottom":64,"left":64,"right":64}},"sillos@frame6":{"frame":{"x":1805,"y":355,"w":128,"h":128},"rotated":false,"trimmed":false,"spriteSourceSize":{"x":0,"y":0,"w":128,"h":128},"sourceSize":{"w":128,"h":128},"anchor":{"x":0.5,"y":0.5},"shape":{"type":"rect","top":64,"bottom":64,"left":64,"right":64}},"sillos@frame7":{"frame":{"x":1401,"y":485,"w":128,"h":128},"rotated":false,"trimmed":false,"spriteSourceSize":{"x":0,"y":0,"w":128,"h":128},"sourceSize":{"w":128,"h":128},"anchor":{"x":0.5,"y":0.5},"shape":{"type":"rect","top":64,"bottom":64,"left":64,"right":64}},"sillos@frame8":{"frame":{"x":1011,"y":491,"w":128,"h":128},"rotated":false,"trimmed":false,"spriteSourceSize":{"x":0,"y":0,"w":128,"h":128},"sourceSize":{"w":128,"h":128},"anchor":{"x":0.5,"y":0.5},"shape":{"type":"rect","top":64,"bottom":64,"left":64,"right":64}},"sillos@frame9":{"frame":{"x":1141,"y":491,"w":128,"h":128},"rotated":false,"trimmed":false,"spriteSourceSize":{"x":0,"y":0,"w":128,"h":128},"sourceSize":{"w":128,"h":128},"anchor":{"x":0.5,"y":0.5},"shape":{"type":"rect","top":64,"bottom":64,"left":64,"right":64}},"thehomedepot@frame0":{"frame":{"x":1531,"y":485,"w":129,"h":129},"rotated":false,"trimmed":false,"spriteSourceSize":{"x":0,"y":0,"w":129,"h":129},"sourceSize":{"w":129,"h":129},"anchor":{"x":0,"y":0},"shape":{"type":"rect","top":0,"bottom":129,"left":0,"right":129}},"timer@frame0":{"frame":{"x":1271,"y":615,"w":154,"h":37},"rotated":false,"trimmed":false,"spriteSourceSize":{"x":0,"y":0,"w":154,"h":37},"sourceSize":{"w":154,"h":37},"anchor":{"x":0.5,"y":0.4864864864864865},"shape":{"type":"rect","top":18,"bottom":19,"left":77,"right":77}},"timer@frame1":{"frame":{"x":1011,"y":621,"w":154,"h":37},"rotated":false,"trimmed":false,"spriteSourceSize":{"x":0,"y":0,"w":154,"h":37},"sourceSize":{"w":154,"h":37},"anchor":{"x":0.5,"y":0.4864864864864865},"shape":{"type":"rect","top":18,"bottom":19,"left":77,"right":77}},"timer@frame2":{"frame":{"x":1662,"y":485,"w":154,"h":37},"rotated":false,"trimmed":false,"spriteSourceSize":{"x":0,"y":0,"w":154,"h":37},"sourceSize":{"w":154,"h":37},"anchor":{"x":0.5,"y":0.4864864864864865},"shape":{"type":"rect","top":18,"bottom":19,"left":77,"right":77}},"timer@frame3":{"frame":{"x":1818,"y":485,"w":154,"h":37},"rotated":false,"trimmed":false,"spriteSourceSize":{"x":0,"y":0,"w":154,"h":37},"sourceSize":{"w":154,"h":37},"anchor":{"x":0.5,"y":0.4864864864864865},"shape":{"type":"rect","top":18,"bottom":19,"left":77,"right":77}},"timer@frame4":{"frame":{"x":1662,"y":524,"w":154,"h":37},"rotated":false,"trimmed":false,"spriteSourceSize":{"x":0,"y":0,"w":154,"h":37},"sourceSize":{"w":154,"h":37},"anchor":{"x":0.5,"y":0.4864864864864865},"shape":{"type":"rect","top":18,"bottom":19,"left":77,"right":77}},"timer@frame5":{"frame":{"x":1818,"y":524,"w":154,"h":37},"rotated":false,"trimmed":false,"spriteSourceSize":{"x":0,"y":0,"w":154,"h":37},"sourceSize":{"w":154,"h":37},"anchor":{"x":0.5,"y":0.4864864864864865},"shape":{"type":"rect","top":18,"bottom":19,"left":77,"right":77}},"timer@frame6":{"frame":{"x":1662,"y":563,"w":154,"h":37},"rotated":false,"trimmed":false,"spriteSourceSize":{"x":0,"y":0,"w":154,"h":37},"sourceSize":{"w":154,"h":37},"anchor":{"x":0.5,"y":0.4864864864864865},"shape":{"type":"rect","top":18,"bottom":19,"left":77,"right":77}},"timer@frame7":{"frame":{"x":1818,"y":563,"w":154,"h":37},"rotated":false,"trimmed":false,"spriteSourceSize":{"x":0,"y":0,"w":154,"h":37},"sourceSize":{"w":154,"h":37},"anchor":{"x":0.5,"y":0.4864864864864865},"shape":{"type":"rect","top":18,"bottom":19,"left":77,"right":77}},"timer@frame8":{"frame":{"x":1662,"y":602,"w":154,"h":37},"rotated":false,"trimmed":false,"spriteSourceSize":{"x":0,"y":0,"w":154,"h":37},"sourceSize":{"w":154,"h":37},"anchor":{"x":0.5,"y":0.4864864864864865},"shape":{"type":"rect","top":18,"bottom":19,"left":77,"right":77}},"timer@frame9":{"frame":{"x":1818,"y":602,"w":154,"h":37},"rotated":false,"trimmed":false,"spriteSourceSize":{"x":0,"y":0,"w":154,"h":37},"sourceSize":{"w":154,"h":37},"anchor":{"x":0.5,"y":0.4864864864864865},"shape":{"type":"rect","top":18,"bottom":19,"left":77,"right":77}},"timer@frame10":{"frame":{"x":1427,"y":616,"w":154,"h":37},"rotated":false,"trimmed":false,"spriteSourceSize":{"x":0,"y":0,"w":154,"h":37},"sourceSize":{"w":154,"h":37},"anchor":{"x":0.5,"y":0.4864864864864865},"shape":{"type":"rect","top":18,"bottom":19,"left":77,"right":77}},"tools@frame0":{"frame":{"x":1167,"y":654,"w":128,"h":128},"rotated":false,"trimmed":false,"spriteSourceSize":{"x":0,"y":0,"w":128,"h":128},"sourceSize":{"w":128,"h":128},"anchor":{"x":0.5,"y":0.5},"shape":{"type":"rect","top":64,"bottom":64,"left":64,"right":64}},"tools@frame1":{"frame":{"x":1297,"y":654,"w":128,"h":128},"rotated":false,"trimmed":false,"spriteSourceSize":{"x":0,"y":0,"w":128,"h":128},"sourceSize":{"w":128,"h":128},"anchor":{"x":0.5,"y":0.5},"shape":{"type":"rect","top":64,"bottom":64,"left":64,"right":64}},"tools@frame2":{"frame":{"x":1011,"y":660,"w":128,"h":128},"rotated":false,"trimmed":false,"spriteSourceSize":{"x":0,"y":0,"w":128,"h":128},"sourceSize":{"w":128,"h":128},"anchor":{"x":0.5,"y":0.5},"shape":{"type":"rect","top":64,"bottom":64,"left":64,"right":64}},"tools@frame3":{"frame":{"x":1583,"y":641,"w":128,"h":128},"rotated":false,"trimmed":false,"spriteSourceSize":{"x":0,"y":0,"w":128,"h":128},"sourceSize":{"w":128,"h":128},"anchor":{"x":0.5,"y":0.5},"shape":{"type":"rect","top":64,"bottom":64,"left":64,"right":64}},"tools@frame4":{"frame":{"x":1427,"y":655,"w":128,"h":128},"rotated":false,"trimmed":false,"spriteSourceSize":{"x":0,"y":0,"w":128,"h":128},"sourceSize":{"w":128,"h":128},"anchor":{"x":0.5,"y":0.5},"shape":{"type":"rect","top":64,"bottom":64,"left":64,"right":64}},"tools@frame5":{"frame":{"x":1141,"y":784,"w":128,"h":128},"rotated":false,"trimmed":false,"spriteSourceSize":{"x":0,"y":0,"w":128,"h":128},"sourceSize":{"w":128,"h":128},"anchor":{"x":0.5,"y":0.5},"shape":{"type":"rect","top":64,"bottom":64,"left":64,"right":64}},"tools@frame6":{"frame":{"x":1271,"y":784,"w":128,"h":128},"rotated":false,"trimmed":false,"spriteSourceSize":{"x":0,"y":0,"w":128,"h":128},"sourceSize":{"w":128,"h":128},"anchor":{"x":0.5,"y":0.5},"shape":{"type":"rect","top":64,"bottom":64,"left":64,"right":64}},"tools@frame7":{"frame":{"x":1713,"y":641,"w":128,"h":128},"rotated":false,"trimmed":false,"spriteSourceSize":{"x":0,"y":0,"w":128,"h":128},"sourceSize":{"w":128,"h":128},"anchor":{"x":0.5,"y":0.5},"shape":{"type":"rect","top":64,"bottom":64,"left":64,"right":64}},"tools@frame8":{"frame":{"x":1843,"y":641,"w":128,"h":128},"rotated":false,"trimmed":false,"spriteSourceSize":{"x":0,"y":0,"w":128,"h":128},"sourceSize":{"w":128,"h":128},"anchor":{"x":0.5,"y":0.5},"shape":{"type":"rect","top":64,"bottom":64,"left":64,"right":64}},"tools@frame9":{"frame":{"x":1557,"y":771,"w":128,"h":128},"rotated":false,"trimmed":false,"spriteSourceSize":{"x":0,"y":0,"w":128,"h":128},"sourceSize":{"w":128,"h":128},"anchor":{"x":0.5,"y":0.5},"shape":{"type":"rect","top":64,"bottom":64,"left":64,"right":64}}},"animations":{"anim":["anim@frame0","anim@frame1","anim@frame2","anim@frame3","anim@frame4","anim@frame5","anim@frame6","anim@frame7","anim@frame8","anim@frame9","anim@frame10","anim@frame11"],"btn_back":["btn_back@frame0"],"btn_comenzar":["btn_comenzar@frame0"],"btn_siguiente":["btn_siguiente@frame0"],"linea":["linea@frame0"],"nut":["nut@frame0"],"playpause":["playpause@frame0","playpause@frame1","playpause@frame2"],"sillos":["sillos@frame0","sillos@frame1","sillos@frame2","sillos@frame3","sillos@frame4","sillos@frame5","sillos@frame6","sillos@frame7","sillos@frame8","sillos@frame9"],"thehomedepot":["thehomedepot@frame0"],"timer":["timer@frame0","timer@frame1","timer@frame2","timer@frame3","timer@frame4","timer@frame5","timer@frame6","timer@frame7","timer@frame8","timer@frame9","timer@frame10"],"tools":["tools@frame0","tools@frame1","tools@frame2","tools@frame3","tools@frame4","tools@frame5","tools@frame6","tools@frame7","tools@frame8","tools@frame9"]}}